{"cameraMode":{"drawMode":0,"name":"Shaded","section":"Shading Mode"},"sceneLighting":false,"audioPlay":false,"sceneViewState":{"showFog":true,"showMaterialUpdate":false,"showSkybox":false,"showFlares":true,"showImageEffects":true,"showParticleSystems":true},"in2DMode":false,"pivot":{"x":-35.1291389465332,"y":45.65732955932617,"z":16.757518768310548},"rotation":{"x":0.02428111433982849,"y":-0.4369650185108185,"z":0.011800364591181279,"w":0.8990752100944519},"size":0.8660253882408142,"orthographic":false}